{
  "default": {
    "a1": {
      "counts": {
        "server3": 1107,
        "server1": 8422,
        "server2": 471
      },
      "total": 10000,
      "n": 3,
      "avg": 3333.3333333333335,
      "max": 8422,
      "min": 471,
      "errors": 0
    },
    "a2": {
      "2": {
        "counts": {
          "server1": 9499,
          "server2": 501
        },
        "total": 10000,
        "n": 2,
        "avg": 5000.0,
        "max": 9499,
        "min": 501,
        "errors": 0
      },
      "3": {
        "counts": {
          "server1": 9005,
          "server2": 445,
          "server_413f2ae3": 550
        },
        "total": 10000,
        "n": 3,
        "avg": 3333.3333333333335,
        "max": 9005,
        "min": 445,
        "errors": 0
      },
      "4": {
        "counts": {
          "server_413f2ae3": 403,
          "server1": 7932,
          "server_2a7560eb": 1167,
          "server2": 498
        },
        "total": 10000,
        "n": 4,
        "avg": 2500.0,
        "max": 7932,
        "min": 403,
        "errors": 0
      },
      "5": {
        "counts": {
          "server1": 7520,
          "server_0a664ac5": 1124,
          "server2": 493,
          "server_413f2ae3": 418,
          "server_2a7560eb": 445
        },
        "total": 10000,
        "n": 5,
        "avg": 2000.0,
        "max": 7520,
        "min": 418,
        "errors": 0
      },
      "6": {
        "counts": {
          "server2": 495,
          "server1": 6766,
          "server_413f2ae3": 365,
          "server_aa9a8897": 737,
          "server_0a664ac5": 1135,
          "server_2a7560eb": 502
        },
        "total": 10000,
        "n": 6,
        "avg": 1666.6666666666667,
        "max": 6766,
        "min": 365,
        "errors": 0
      }
    }
  },
  "a3": {
    "killed": "server1",
    "before": [
      "server1",
      "server_413f2ae3",
      "server_2a7560eb"
    ],
    "after": [
      "server_413f2ae3",
      "server_2a7560eb",
      "server_73cc8731"
    ],
    "recovery_seconds": 0.7443606250017183
  },
  "spread": {
    "a1": {
      "counts": {
        "server1": 3351,
        "server3": 3830,
        "server2": 2819
      },
      "total": 10000,
      "n": 3,
      "avg": 3333.3333333333335,
      "max": 3830,
      "min": 2819,
      "errors": 0
    },
    "a2": {
      "2": {
        "counts": {
          "server1": 5837,
          "server3": 4163
        },
        "total": 10000,
        "n": 2,
        "avg": 5000.0,
        "max": 5837,
        "min": 4163,
        "errors": 0
      },
      "3": {
        "counts": {
          "server3": 3862,
          "server1": 4007,
          "server_9adc1c1f": 2131
        },
        "total": 10000,
        "n": 3,
        "avg": 3333.3333333333335,
        "max": 4007,
        "min": 2131,
        "errors": 0
      },
      "4": {
        "counts": {
          "server_9adc1c1f": 1520,
          "server1": 3055,
          "server_00c9cd9e": 1700,
          "server3": 3725
        },
        "total": 10000,
        "n": 4,
        "avg": 2500.0,
        "max": 3725,
        "min": 1520,
        "errors": 0
      },
      "5": {
        "counts": {
          "server_9adc1c1f": 1448,
          "server3": 2710,
          "server_2dab9724": 2441,
          "server1": 1784,
          "server_00c9cd9e": 1617
        },
        "total": 10000,
        "n": 5,
        "avg": 2000.0,
        "max": 2710,
        "min": 1448,
        "errors": 0
      },
      "6": {
        "counts": {
          "server3": 2396,
          "server_9adc1c1f": 1272,
          "server_00c9cd9e": 1702,
          "server1": 1405,
          "server_78f55927": 1389,
          "server_2dab9724": 1836
        },
        "total": 10000,
        "n": 6,
        "avg": 1666.6666666666667,
        "max": 2396,
        "min": 1272,
        "errors": 0
      }
    }
  }
}